iter, time, cost, ls_iters, alpha, delta, q_norm, dq_norm, dqH_norm, trust_ratio, grad_norm, dL_dq, h_norm, merit
0, 0.050421986, 26662.810409468777, 0, nan, 0.1, 12.079046789171736, 0.0003267426539505533, 76721.51685400547, -200.08203806452462, 866694.5102140295, -1.322102341319175e-05, 23.07171267428646, 26662.810409468777
1, 0.043526442, 26662.810409468777, 0, nan, 0.025, 12.079046789171736, 8.1685663552439e-05, 76721.51685400547, -221.66073528227454, 866694.5102140295, -1.1924120012485804e-05, 23.07171267428646, 26662.810409468777
2, 0.034677464, 26662.810409468777, 0, nan, 0.00625, 12.079046789171736, 2.042141592994654e-05, 76721.51685400547, -486.63444452059696, 866694.5102140295, -1.1599894162225931e-05, 23.07171267428646, 26662.810409468777
3, 0.037070273, 26662.810409468777, 0, nan, 0.0015625, 12.079046789171736, 5.10535393246775e-06, 76721.51685400547, -328.87669356537884, 866694.5102140295, -1.1518837699171252e-05, 23.07171267428646, 26662.810409468777
4, 0.038112366, 26662.810409468777, 0, nan, 0.000390625, 12.079046789171736, 1.2763380656752397e-06, 76721.51685400547, -690.3434045852066, 866694.5102140295, -1.1498573581464194e-05, 23.07171267428646, 26662.810409468777
5, 0.042700983, 26662.810409468777, 0, nan, 9.765625e-05, 12.079046789171736, 3.1908262927957967e-07, 76721.51685400547, -1183.5893852488884, 866694.5102140295, -1.1493507544256994e-05, 23.07171267428646, 26662.810409468777
6, 0.041126189, 26662.810409468777, 0, nan, 2.44140625e-05, 12.079046789171736, 7.976289098771053e-08, 76721.51685400547, -2419.7044922267646, 866694.5102140295, -1.1492241003831185e-05, 23.07171267428646, 26662.810409468777
7, 0.041372284, 26662.810409468777, 0, nan, 6.103515625e-06, 12.079046789171736, 1.9909413818374043e-08, 76721.51685400547, -3159.6280561433673, 866694.5102140295, -1.1491924244091192e-05, 23.07171267428646, 26662.810409468777
8, 0.035075106, 26662.810409468777, 0, nan, 1.52587890625e-06, 12.079046789171736, 4.8501747856472524e-09, 76721.51685400547, -3242.5868286067025, 866694.5102140295, -1.1491844546622996e-05, 23.07171267428646, 26662.810409468777
9, 0.039448657, 26662.810409468777, 0, nan, 3.814697265625e-07, 12.079046789171736, 4.68770177641705e-10, 76721.51685400547, -3775.64118629684, 866694.5102140295, -1.1491821356935925e-05, 23.07171267428646, 26662.810409468777
10, 0.038225813, 26662.810409468777, 0, nan, 9.5367431640625e-08, 12.079046789171736, 5.587414273181134e-12, 76721.51685400547, -10685.391300714839, 866694.5102140295, -3.0999893929706786e-06, 23.07171267428646, 26662.810409468777
11, 0.042242842, 26662.810409468777, 0, nan, 2.384185791015625e-08, 12.079046789171736, 1.3968535682952834e-12, 76721.51685400547, -32154.6561830152, 866694.5102140295, -7.749973482426697e-07, 23.07171267428646, 26662.810409468777
12, 0.039136763, 26662.810409468777, 0, nan, 5.960464477539063e-09, 12.079046789171736, 3.4921339207382085e-13, 76721.51685400547, -115597.18720125528, 866694.5102140295, -1.937493370606674e-07, 23.07171267428646, 26662.810409468777
13, 0.03659397, 26662.810409468777, 0, nan, 1.4901161193847657e-09, 12.079046789171736, 8.730334801845521e-14, 76721.51685400547, -227166.84342214925, 866694.5102140295, -4.843733426516685e-08, 23.07171267428646, 26662.810409468777
14, 0.037734633, 26662.810409468777, 0, nan, 3.7252902984619143e-10, 12.079046789171736, 2.1825837004613803e-14, 76721.51685400547, -1605243.0003174737, 866694.5102140295, -1.2109333566291713e-08, 23.07171267428646, 26662.810409468777
15, 0.039413754, 26662.810409468777, 0, nan, 9.313225746154786e-11, 12.079046789171736, 5.456459251153451e-15, 76721.51685400547, -6627851.869642668, 866694.5102140295, -3.0273333915729283e-09, 23.07171267428646, 26662.810409468777
16, 0.038661604, 26662.810409468777, 0, nan, 2.3283064365386964e-11, 12.079046789171736, 1.3641148127883627e-15, 76721.51685400547, -23281714.5116525, 866694.5102140295, -7.568333478932321e-10, 23.07171267428646, 26662.810409468777
17, 0.034977496, 26662.810409468777, 0, nan, 5.820766091346741e-12, 12.079046789171736, 3.4102870319709067e-16, 76721.51685400547, -80359557.01292002, 866694.5102140295, -1.8920833697330802e-10, 23.07171267428646, 26662.810409468777
18, 0.03649602, 26662.810409468777, 0, nan, 1.4551915228366853e-12, 12.079046789171736, 8.525717579927267e-17, 76721.51685400547, 289614286.4841556, 866694.5102140295, -4.7302084243327005e-11, 23.07171267428646, 26662.810409468777
19, 0.057245444, 26297.547739399517, 0, nan, 2.9103830456733705e-12, 12.079046789171736, 6.242919550299097e-16, 299799.25111910066, -507511221.93862563, 160417.03851569848, -1.775355762293148e-11, 22.912849502483212, 26297.547739399517
20, 0.055343389, 26297.547739399517, 0, nan, 7.275957614183426e-13, 12.079046789171736, 1.5607298875747743e-16, 299799.25111910066, -5672378834.050741, 160417.03851569848, -4.43838940573287e-12, 22.912849502483212, 26297.547739399517
21, 0.054152908, 26297.547739399517, 0, nan, 1.8189894035458566e-13, 12.079046789171736, 3.901824718936936e-17, 299799.25111910066, 0.22242026370730564, 160417.03851569848, -1.1095973514332176e-12, 22.912849502483212, 26297.547739399517
22, 0.049028113, 26297.547739393027, 0, nan, 4.5474735088646414e-14, 12.079046789171736, 9.399138423542597e-18, 73549.66374251294, 0, 162187.33989456375, -2.80460611366791e-13, 22.912849502480377, 26297.547739393027
23, 0.051274059, 26297.547739393027, 0, nan, 1.1368683772161604e-14, 12.079046789171736, 2.349784605885649e-18, 73549.66374251294, 0, 162187.33989456375, -7.011515284169775e-14, 22.912849502480377, 26297.547739393027
24, 0.051742451, 26297.547739393027, 0, nan, 2.842170943040401e-15, 12.079046789171736, 5.874461514714123e-19, 73549.66374251294, 0, 162187.33989456375, -1.7528788210424436e-14, 22.912849502480377, 26297.547739393027
25, 0.051077185, 26297.547739393027, 0, nan, 7.105427357601002e-16, 12.079046789171736, 1.4686153786785307e-19, 73549.66374251294, 0, 162187.33989456375, -4.382197052606109e-15, 22.912849502480377, 26297.547739393027
26, 0.054668958, 26297.547739393027, 0, nan, 1.7763568394002506e-16, 12.079046789171736, 3.671538446696327e-20, 73549.66374251294, 0, 162187.33989456375, -1.0955492631515273e-15, 22.912849502480377, 26297.547739393027
27, 0.051143257, 26297.547739393027, 0, nan, 4.4408920985006264e-17, 12.079046789171736, 9.178846116740817e-21, 73549.66374251294, 0, 162187.33989456375, -2.738873157878818e-16, 22.912849502480377, 26297.547739393027
28, 0.053213847, 26297.547739393027, 0, nan, 1.1102230246251566e-17, 12.079046789171736, 2.2947115291852042e-21, 73549.66374251294, 0, 162187.33989456375, -6.847182894697045e-17, 22.912849502480377, 26297.547739393027
29, 0.053637815, 26297.547739393027, 0, nan, 2.7755575615628915e-18, 12.079046789171736, 5.736778822963011e-22, 73549.66374251294, 0.5, 162187.33989456375, -1.7117957236742614e-17, 22.912849502480377, 26297.547739393027
30, 0.058651306, 26297.547739393027, 0, nan, 2.7755575615628915e-18, 12.079046789171736, 5.736778822963011e-22, 15843.535662051752, 0.5, 162187.33989456377, -1.7117957236742617e-17, 22.912849502480377, 26297.547739393027
31, 0.056956343, 26297.547739393027, 0, nan, 2.7755575615628915e-18, 12.079046789171736, 5.736778822963011e-22, 33882.842388635545, 0.5, 162187.33989456375, -1.7117957236742617e-17, 22.912849502480377, 26297.547739393027
32, 0.05751249, 26297.547739393027, 0, nan, 2.7755575615628915e-18, 12.079046789171736, 5.736778822963011e-22, 163080.87204182465, 0.5, 162187.33989456375, -1.7117957236742617e-17, 22.912849502480377, 26297.547739393027
33, 0.060599894, 26297.547739393027, 0, nan, 2.7755575615628915e-18, 12.079046789171736, 5.736778822963011e-22, 210595.64944521018, 0.5, 162187.33989456375, -1.7117957236742617e-17, 22.912849502480377, 26297.547739393027
34, 0.057996541, 26297.547739393027, 0, nan, 2.7755575615628915e-18, 12.079046789171736, 5.736778822963011e-22, 497349.55636338954, 0.5, 162187.33989456375, -1.7117957236742617e-17, 22.912849502480377, 26297.547739393027
35, 0.058388359, 26297.547739393027, 0, nan, 2.7755575615628915e-18, 12.079046789171736, 5.736778822963011e-22, 58735.23038230457, 0.5, 162187.33989456375, -1.7117957236742617e-17, 22.912849502480377, 26297.547739393027
36, 0.051819637, 26297.547739393027, 0, nan, 2.7755575615628915e-18, 12.079046789171736, 5.736778822963011e-22, 24234.17671767251, 0.5, 162187.33989456375, -1.7117957236742617e-17, 22.912849502480377, 26297.547739393027
37, 0.05390937, 26297.547739393027, 0, nan, 2.7755575615628915e-18, 12.079046789171736, 5.736778822963011e-22, 24518.673851574127, 0.5, 162187.33989456375, -1.7117957236742617e-17, 22.912849502480377, 26297.547739393027
38, 0.055763331, 26297.547739393027, 0, nan, 2.7755575615628915e-18, 12.079046789171736, 5.736778822963011e-22, 43305.142207033234, 0.5, 162187.33989456375, -1.7117957236742617e-17, 22.912849502480377, 26297.547739393027
39, 0.058277296, 26297.547739393027, 0, nan, 2.7755575615628915e-18, 12.079046789171736, 5.736778822963011e-22, 1227459.934451064, 0.5, 162187.33989456375, -1.7117957236742614e-17, 22.912849502480377, 26297.547739393027
40, 0.058754213, 26297.547739393027, 0, nan, 2.7755575615628915e-18, 12.079046789171736, 5.736778822963011e-22, 55100.08252615354, 0.5, 162187.33989456375, -1.7117957236742617e-17, 22.912849502480377, 26297.547739393027
41, 0.058288685, 26297.547739393027, 0, nan, 2.7755575615628915e-18, 12.079046789171736, 5.736778822963011e-22, 863834.5084861655, 0.5, 162187.33989456375, -1.7117957236742614e-17, 22.912849502480377, 26297.547739393027
42, 0.05274774, 26297.547739393027, 0, nan, 2.7755575615628915e-18, 12.079046789171736, 5.736778822963011e-22, 32767.193183972955, 0.5, 162187.33989456375, -1.7117957236742617e-17, 22.912849502480377, 26297.547739393027
43, 0.057056332, 26297.547739393027, 0, nan, 2.7755575615628915e-18, 12.079046789171736, 5.736778822963011e-22, 131239.39698809842, 0.5, 162187.33989456375, -1.7117957236742617e-17, 22.912849502480377, 26297.547739393027
44, 0.055930979, 26297.547739393027, 0, nan, 2.7755575615628915e-18, 12.079046789171736, 5.736778822963011e-22, 685482.0226266108, 0.5, 162187.33989456375, -1.7117957236742617e-17, 22.912849502480377, 26297.547739393027
45, 0.061693483, 26297.547739393027, 0, nan, 2.7755575615628915e-18, 12.079046789171736, 5.736778822963011e-22, 17432.465653908068, 0.5, 162187.33989456375, -1.7117957236742617e-17, 22.912849502480377, 26297.547739393027
46, 0.055373881, 26297.547739393027, 0, nan, 2.7755575615628915e-18, 12.079046789171736, 5.736778822963011e-22, 69038.04605738087, 0.5, 162187.33989456375, -1.7117957236742617e-17, 22.912849502480377, 26297.547739393027
47, 0.057870526, 26297.547739393027, 0, nan, 2.7755575615628915e-18, 12.079046789171736, 5.736778822963011e-22, 174335.77996319518, 0.5, 162187.33989456375, -1.7117957236742614e-17, 22.912849502480377, 26297.547739393027
48, 0.062205246, 26297.547739393027, 0, nan, 2.7755575615628915e-18, 12.079046789171736, 5.736778822963011e-22, 35146.76326733108, 0.5, 162187.33989456375, -1.7117957236742614e-17, 22.912849502480377, 26297.547739393027
49, 0.058947888, 26297.547739393027, 0, nan, 2.7755575615628915e-18, 12.079046789171736, 5.736778822963011e-22, 207416.20784504435, 0.5, 162187.33989456375, -1.7117957236742614e-17, 22.912849502480377, 26297.547739393027
50, 0.062192623, 26297.547739393027, 0, nan, 2.7755575615628915e-18, 12.079046789171736, 5.736778822963011e-22, 80640.80607003492, 0.5, 162187.33989456375, -1.7117957236742617e-17, 22.912849502480377, 26297.547739393027
51, 0.060010089, 26297.547739393027, 0, nan, 2.7755575615628915e-18, 12.079046789171736, 5.736778822963011e-22, 38414.78573210142, 0.5, 162187.33989456375, -1.7117957236742617e-17, 22.912849502480377, 26297.547739393027
52, 0.056361794, 26297.547739393027, 0, nan, 2.7755575615628915e-18, 12.079046789171736, 5.736778822963011e-22, 66316.23787498957, 0.5, 162187.33989456375, -1.7117957236742617e-17, 22.912849502480377, 26297.547739393027
53, 0.059691606, 26297.547739393027, 0, nan, 2.7755575615628915e-18, 12.079046789171736, 5.736778822963011e-22, 292425.81433434447, 0.5, 162187.33989456375, -1.7117957236742617e-17, 22.912849502480377, 26297.547739393027
54, 0.063789525, 26297.547739393027, 0, nan, 2.7755575615628915e-18, 12.079046789171736, 5.7367788229630115e-22, 93006.57199778831, 0.5, 162187.33989456375, -1.7117957236742626e-17, 22.912849502480377, 26297.547739393027
55, 0.069645548, 26297.547739393027, 0, nan, 2.7755575615628915e-18, 12.079046789171736, 5.736778822963011e-22, 46218.859751747936, 0.5, 162187.33989456375, -1.7117957236742614e-17, 22.912849502480377, 26297.547739393027
56, 0.062165648, 26297.547739393027, 0, nan, 2.7755575615628915e-18, 12.079046789171736, 5.736778822963011e-22, 174173.39234548516, 0.5, 162187.33989456375, -1.7117957236742614e-17, 22.912849502480377, 26297.547739393027
57, 0.054473849, 26297.547739393027, 0, nan, 2.7755575615628915e-18, 12.079046789171736, 5.736778822963011e-22, 232721.69477875796, 0.5, 162187.33989456375, -1.7117957236742617e-17, 22.912849502480377, 26297.547739393027
58, 0.052437894, 26297.547739393027, 0, nan, 2.7755575615628915e-18, 12.079046789171736, 5.736778822963011e-22, 30283.381317913343, 0.5, 162187.33989456375, -1.7117957236742617e-17, 22.912849502480377, 26297.547739393027
59, 0.060069539, 26297.547739393027, 0, nan, 2.7755575615628915e-18, 12.079046789171736, 5.736778822963011e-22, 117810.75752956497, 0.5, 162187.33989456375, -1.7117957236742617e-17, 22.912849502480377, 26297.547739393027
60, 0.063634952, 26297.547739393027, 0, nan, 2.7755575615628915e-18, 12.079046789171736, 5.736778822963011e-22, 32930.93351674131, 0.5, 162187.33989456375, -1.7117957236742617e-17, 22.912849502480377, 26297.547739393027
61, 0.063422057, 26297.547739393027, 0, nan, 2.7755575615628915e-18, 12.079046789171736, 5.736778822963011e-22, 50040.493626899435, 0.5, 162187.33989456375, -1.7117957236742617e-17, 22.912849502480377, 26297.547739393027
62, 0.063760181, 26297.547739393027, 0, nan, 2.7755575615628915e-18, 12.079046789171736, 5.736778822963011e-22, 40225.28146031468, 0.5, 162187.33989456375, -1.7117957236742617e-17, 22.912849502480377, 26297.547739393027
63, 0.055821963, 26297.547739393027, 0, nan, 2.7755575615628915e-18, 12.079046789171736, 5.736778822963011e-22, 28898.376078233097, 0.5, 162187.33989456375, -1.7117957236742617e-17, 22.912849502480377, 26297.547739393027
64, 0.059473784, 26297.547739393027, 0, nan, 2.7755575615628915e-18, 12.079046789171736, 5.736778822963011e-22, 136950.82343921976, 0.5, 162187.33989456375, -1.7117957236742617e-17, 22.912849502480377, 26297.547739393027
65, 0.057508305, 26297.547739393027, 0, nan, 2.7755575615628915e-18, 12.079046789171736, 5.736778822963011e-22, 36205.62516362796, 0.5, 162187.33989456375, -1.7117957236742617e-17, 22.912849502480377, 26297.547739393027
66, 0.060140124, 26297.547739393027, 0, nan, 2.7755575615628915e-18, 12.079046789171736, 5.73677882296301e-22, 63137.71239348645, 0.5, 162187.33989456375, -1.7117957236742614e-17, 22.912849502480377, 26297.547739393027
67, 0.057535173, 26297.547739393027, 0, nan, 2.7755575615628915e-18, 12.079046789171736, 5.7367788229630115e-22, 81530.20018674342, 0.5, 162187.33989456375, -1.7117957236742617e-17, 22.912849502480377, 26297.547739393027
68, 0.065075341, 26297.547739393027, 0, nan, 2.7755575615628915e-18, 12.079046789171736, 5.736778822963011e-22, 34887.19071837156, 0.5, 162187.33989456375, -1.7117957236742614e-17, 22.912849502480377, 26297.547739393027
69, 0.063062042, 26297.547739393027, 0, nan, 2.7755575615628915e-18, 12.079046789171736, 5.736778822963011e-22, 47300.350376579125, 0.5, 162187.33989456375, -1.7117957236742617e-17, 22.912849502480377, 26297.547739393027
70, 0.055961401, 26297.547739393027, 0, nan, 2.7755575615628915e-18, 12.079046789171736, 5.736778822963011e-22, 104314.2345956463, 0.5, 162187.33989456375, -1.7117957236742617e-17, 22.912849502480377, 26297.547739393027
71, 0.054917033, 26297.547739393027, 0, nan, 2.7755575615628915e-18, 12.079046789171736, 5.736778822963011e-22, 60573.9846476471, 0.5, 162187.33989456375, -1.7117957236742614e-17, 22.912849502480377, 26297.547739393027
72, 0.056450276, 26297.547739393027, 0, nan, 2.7755575615628915e-18, 12.079046789171736, 5.736778822963011e-22, 180465.32658014118, 0.5, 162187.33989456375, -1.7117957236742617e-17, 22.912849502480377, 26297.547739393027
73, 0.055780528, 26297.547739393027, 0, nan, 2.7755575615628915e-18, 12.079046789171736, 5.736778822963011e-22, 667543.6302201428, 0.5, 162187.33989456375, -1.7117957236742617e-17, 22.912849502480377, 26297.547739393027
74, 0.056679202, 26297.547739393027, 0, nan, 2.7755575615628915e-18, 12.079046789171736, 5.736778822963011e-22, 30891.273368978415, 0.5, 162187.33989456375, -1.7117957236742617e-17, 22.912849502480377, 26297.547739393027
75, 0.056318196, 26297.547739393027, 0, nan, 2.7755575615628915e-18, 12.079046789171736, 5.736778822963011e-22, 29960.423395455295, 0.5, 162187.33989456377, -1.7117957236742617e-17, 22.912849502480377, 26297.547739393027
76, 0.057443537, 26297.547739393027, 0, nan, 2.7755575615628915e-18, 12.079046789171736, 5.736778822963011e-22, 27795.494621596426, 0.5, 162187.33989456375, -1.7117957236742614e-17, 22.912849502480377, 26297.547739393027
77, 0.053158496, 26297.547739393027, 0, nan, 2.7755575615628915e-18, 12.079046789171736, 5.736778822963011e-22, 141700.7326708453, 0.5, 162187.33989456375, -1.7117957236742617e-17, 22.912849502480377, 26297.547739393027
78, 0.055818733, 26297.547739393027, 0, nan, 2.7755575615628915e-18, 12.079046789171736, 5.736778822963011e-22, 161069.3895798497, 0.5, 162187.33989456375, -1.7117957236742617e-17, 22.912849502480377, 26297.547739393027
79, 0.055863641, 26297.547739393027, 0, nan, 2.7755575615628915e-18, 12.079046789171736, 5.7367788229630115e-22, 82053.02238171424, 0.5, 162187.33989456375, -1.711795723674262e-17, 22.912849502480377, 26297.547739393027
80, 0.053451341, 26297.547739393027, 0, nan, 2.7755575615628915e-18, 12.079046789171736, 5.736778822963011e-22, 24160.702852188944, 0.5, 162187.33989456375, -1.7117957236742614e-17, 22.912849502480377, 26297.547739393027
81, 0.058192398, 26297.547739393027, 0, nan, 2.7755575615628915e-18, 12.079046789171736, 5.736778822963011e-22, 47952.420502697874, 0.5, 162187.33989456375, -1.7117957236742617e-17, 22.912849502480377, 26297.547739393027
82, 0.054709076, 26297.547739393027, 0, nan, 2.7755575615628915e-18, 12.079046789171736, 5.736778822963011e-22, 39294.49919303487, 0.5, 162187.33989456375, -1.7117957236742617e-17, 22.912849502480377, 26297.547739393027
83, 0.059522488, 26297.547739393027, 0, nan, 2.7755575615628915e-18, 12.079046789171736, 5.736778822963011e-22, 130924.4505921256, 0.5, 162187.33989456375, -1.7117957236742617e-17, 22.912849502480377, 26297.547739393027
84, 0.057790552, 26297.547739393027, 0, nan, 2.7755575615628915e-18, 12.079046789171736, 5.736778822963011e-22, 51670.141802891994, 0.5, 162187.33989456375, -1.7117957236742617e-17, 22.912849502480377, 26297.547739393027
85, 0.057669306, 26297.547739393027, 0, nan, 2.7755575615628915e-18, 12.079046789171736, 5.736778822963011e-22, 24605.466764150704, 0.5, 162187.33989456375, -1.7117957236742617e-17, 22.912849502480377, 26297.547739393027
86, 0.05526555, 26297.547739393027, 0, nan, 2.7755575615628915e-18, 12.079046789171736, 5.736778822963011e-22, 29822.21156838156, 0.5, 162187.33989456375, -1.7117957236742614e-17, 22.912849502480377, 26297.547739393027
87, 0.055165048, 26297.547739393027, 0, nan, 2.7755575615628915e-18, 12.079046789171736, 5.736778822963011e-22, 338375.0506038783, 0.5, 162187.33989456375, -1.7117957236742617e-17, 22.912849502480377, 26297.547739393027
88, 0.061477268, 26297.547739393027, 0, nan, 2.7755575615628915e-18, 12.079046789171736, 5.736778822963011e-22, 94180.09855776497, 0.5, 162187.33989456375, -1.7117957236742617e-17, 22.912849502480377, 26297.547739393027
89, 0.054908397, 26297.547739393027, 0, nan, 2.7755575615628915e-18, 12.079046789171736, 5.736778822963011e-22, 52290.01718657893, 0.5, 162187.33989456375, -1.7117957236742617e-17, 22.912849502480377, 26297.547739393027
90, 0.055903086, 26297.547739393027, 0, nan, 2.7755575615628915e-18, 12.079046789171736, 5.736778822963011e-22, 85508.61373788297, 0.5, 162187.33989456375, -1.7117957236742617e-17, 22.912849502480377, 26297.547739393027
91, 0.056474945, 26297.547739393027, 0, nan, 2.7755575615628915e-18, 12.079046789171736, 5.736778822961102e-22, 130271.93455337436, 0.5, 162187.33989456375, -1.7117957236742617e-17, 22.912849502480377, 26297.547739393027
92, 0.059099545, 26297.547739393027, 0, nan, 2.7755575615628915e-18, 12.079046789171736, 5.736778822961102e-22, 25936.7451990023, 0.5, 162187.33989456372, -1.7117957236742617e-17, 22.912849502480377, 26297.547739393027
93, 0.057447132, 26297.547739393027, 0, nan, 2.7755575615628915e-18, 12.079046789171736, 5.736778822961102e-22, 25855.51153239416, 0.5, 162187.33989456372, -1.7117957236742617e-17, 22.912849502480377, 26297.547739393027
94, 0.057156069, 26297.547739393027, 0, nan, 2.7755575615628915e-18, 12.079046789171736, 5.736778822961102e-22, 27880.31133684816, 0.5, 162187.33989456375, -1.7117957236742617e-17, 22.912849502480377, 26297.547739393027
95, 0.056849633, 26297.547739393027, 0, nan, 2.7755575615628915e-18, 12.079046789171736, 5.736778822961102e-22, 24335.22305677335, 0.5, 162187.33989456375, -1.7117957236742617e-17, 22.912849502480377, 26297.547739393027
96, 0.056959683, 26297.547739393027, 0, nan, 2.7755575615628915e-18, 12.079046789171736, 5.736778822961102e-22, 74338.50110520062, 0.5, 162187.33989456375, -1.7117957236742617e-17, 22.912849502480377, 26297.547739393027
97, 0.060496291, 26297.547739393027, 0, nan, 2.7755575615628915e-18, 12.079046789171736, 5.736778822961101e-22, 31100.961022325613, 0.5, 162187.33989456375, -1.7117957236742614e-17, 22.912849502480377, 26297.547739393027
98, 0.060158167, 26297.547739393027, 0, nan, 2.7755575615628915e-18, 12.079046789171736, 5.736778822961102e-22, 173477.14091299646, 0.5, 162187.33989456372, -1.7117957236742617e-17, 22.912849502480377, 26297.547739393027
99, 0.059259529, 26297.547739393027, 0, nan, 2.7755575615628915e-18, 12.079046789171736, 5.736778822961102e-22, 611187.3259835321, 0.5, 162187.33989456375, -1.7117957236742617e-17, 22.912849502480377, 26297.547739393027
100, 0.057885999, 26297.547739393027, 0, nan, 2.7755575615628915e-18, 12.079046789171736, 5.736778822961102e-22, 28994.663598932224, 0.5, 162187.33989456372, -1.711795723674262e-17, 22.912849502480377, 26297.547739393027
101, 0.056091587, 26297.547739393027, 0, nan, 2.7755575615628915e-18, 12.079046789171736, 5.736778822961102e-22, 52593.046358946915, 0.5, 162187.33989456375, -1.7117957236742617e-17, 22.912849502480377, 26297.547739393027
102, 0.054848276, 26297.547739393027, 0, nan, 2.7755575615628915e-18, 12.079046789171736, 5.736778822961102e-22, 179712.21151036827, 0.5, 162187.33989456375, -1.7117957236742617e-17, 22.912849502480377, 26297.547739393027
103, 0.057761514, 26297.547739393027, 0, nan, 2.7755575615628915e-18, 12.079046789171736, 5.736778822961102e-22, 126830.51747569983, 0.5, 162187.33989456375, -1.7117957236742617e-17, 22.912849502480377, 26297.547739393027
104, 0.055034669, 26297.547739393027, 0, nan, 2.7755575615628915e-18, 12.079046789171736, 5.736778822961102e-22, 165300.28093601263, 0.5, 162187.33989456375, -1.7117957236742617e-17, 22.912849502480377, 26297.547739393027
105, 0.056893457, 26297.547739393027, 0, nan, 2.7755575615628915e-18, 12.079046789171736, 5.736778822961102e-22, 46213.94065009377, 0.5, 162187.33989456375, -1.7117957236742617e-17, 22.912849502480377, 26297.547739393027
106, 0.05538702, 26297.547739393027, 0, nan, 2.7755575615628915e-18, 12.079046789171736, 5.736778822961102e-22, 447484.10146028653, 0.5, 162187.33989456375, -1.7117957236742617e-17, 22.912849502480377, 26297.547739393027
107, 0.056593383, 26297.547739393027, 0, nan, 2.7755575615628915e-18, 12.079046789171736, 5.736778822961102e-22, 39917.29269913524, 0.5, 162187.33989456375, -1.7117957236742617e-17, 22.912849502480377, 26297.547739393027
108, 0.057027666, 26297.547739393027, 0, nan, 2.7755575615628915e-18, 12.079046789171736, 5.736778822961102e-22, 417586.9676752622, 0.5, 162187.33989456372, -1.7117957236742617e-17, 22.912849502480377, 26297.547739393027
109, 0.058145616, 26297.547739393027, 0, nan, 2.7755575615628915e-18, 12.079046789171736, 5.736778822961102e-22, 64581.12385990023, 0.5, 162187.33989456375, -1.7117957236742617e-17, 22.912849502480377, 26297.547739393027
110, 0.057814127, 26297.547739393027, 0, nan, 2.7755575615628915e-18, 12.079046789171736, 5.736778822961102e-22, 29898.4967072055, 0.5, 162187.33989456375, -1.7117957236742617e-17, 22.912849502480377, 26297.547739393027
111, -0.157450982, 26297.547739393027, 0, nan, 2.7755575615628915e-18, 12.079046789171736, 5.736778822961102e-22, 34878.30782366799, 0.5, 162187.33989456375, -1.7117957236742617e-17, 22.912849502480377, 26297.547739393027
112, 0.05701029, 26297.547739393027, 0, nan, 2.7755575615628915e-18, 12.079046789171736, 5.736778822961102e-22, 30182.275022636037, 0.5, 162187.33989456372, -1.7117957236742617e-17, 22.912849502480377, 26297.547739393027
113, 0.059935962, 26297.547739393027, 0, nan, 2.7755575615628915e-18, 12.079046789171736, 5.736778822961102e-22, 14465.657673475127, 0.5, 162187.33989456375, -1.7117957236742617e-17, 22.912849502480377, 26297.547739393027
114, 0.0521485, 26297.547739393027, 0, nan, 2.7755575615628915e-18, 12.079046789171736, 5.736778822961102e-22, 52369.38844734287, 0.5, 162187.33989456372, -1.711795723674262e-17, 22.912849502480377, 26297.547739393027
115, 0.055798191, 26297.547739393027, 0, nan, 2.7755575615628915e-18, 12.079046789171736, 5.736778822961102e-22, 129449.35108896592, 0.5, 162187.33989456375, -1.7117957236742617e-17, 22.912849502480377, 26297.547739393027
116, 0.056543598, 26297.547739393027, 0, nan, 2.7755575615628915e-18, 12.079046789171736, 5.736778822961102e-22, 1911625.8635404555, 0.5, 162187.33989456375, -1.7117957236742617e-17, 22.912849502480377, 26297.547739393027
117, 0.056734189, 26297.547739393027, 0, nan, 2.7755575615628915e-18, 12.079046789171736, 5.736778822961102e-22, 118630.65576517295, 0.5, 162187.33989456372, -1.7117957236742617e-17, 22.912849502480377, 26297.547739393027
118, 0.055604942, 26297.547739393027, 0, nan, 2.7755575615628915e-18, 12.079046789171736, 5.736778822961102e-22, 33045.14960625119, 0.5, 162187.33989456375, -1.7117957236742617e-17, 22.912849502480377, 26297.547739393027
119, 0.055385457, 26297.547739393027, 0, nan, 2.7755575615628915e-18, 12.079046789171736, 5.736778822961102e-22, 84779.89254334365, 0.5, 162187.33989456375, -1.7117957236742617e-17, 22.912849502480377, 26297.547739393027
120, 0.061394837, 26297.547739393027, 0, nan, 2.7755575615628915e-18, 12.079046789171736, 5.736778822961102e-22, 375467.2914055065, 0.5, 162187.33989456375, -1.7117957236742617e-17, 22.912849502480377, 26297.547739393027
121, 0.056172864, 26297.547739393027, 0, nan, 2.7755575615628915e-18, 12.079046789171736, 5.736778822961102e-22, 136633.20889326715, 0.5, 162187.33989456375, -1.711795723674262e-17, 22.912849502480377, 26297.547739393027
122, 0.054267613, 26297.547739393027, 0, nan, 2.7755575615628915e-18, 12.079046789171736, 5.736778822961102e-22, 21429.246502938877, 0.5, 162187.33989456375, -1.7117957236742617e-17, 22.912849502480377, 26297.547739393027
123, 0.056938727, 26297.547739393027, 0, nan, 2.7755575615628915e-18, 12.079046789171736, 5.736778822961102e-22, 85722.52943247675, 0.5, 162187.33989456375, -1.7117957236742617e-17, 22.912849502480377, 26297.547739393027
124, 0.055731362, 26297.547739393027, 0, nan, 2.7755575615628915e-18, 12.079046789171736, 5.736778822961102e-22, 41557.740845876215, 0.5, 162187.33989456375, -1.7117957236742617e-17, 22.912849502480377, 26297.547739393027
125, 0.047909622, 26297.547739393027, 0, nan, 2.7755575615628915e-18, 12.079046789171736, 5.736778822961102e-22, 34137.016634173255, 0.5, 162187.33989456375, -1.7117957236742617e-17, 22.912849502480377, 26297.547739393027
126, 0.051618525, 26297.547739393027, 0, nan, 2.7755575615628915e-18, 12.079046789171736, 5.736778822961102e-22, 60291.14599941975, 0.5, 162187.33989456375, -1.7117957236742617e-17, 22.912849502480377, 26297.547739393027
127, 0.057135346, 26297.547739393027, 0, nan, 2.7755575615628915e-18, 12.079046789171736, 5.736778822961102e-22, 35756.83189304986, 0.5, 162187.33989456375, -1.7117957236742617e-17, 22.912849502480377, 26297.547739393027
128, 0.058323057, 26297.547739393027, 0, nan, 2.7755575615628915e-18, 12.079046789171736, 5.736778822961101e-22, 229599.60521693903, 0.5, 162187.33989456375, -1.711795723674261e-17, 22.912849502480377, 26297.547739393027
129, 0.051271858, 26297.547739393027, 0, nan, 2.7755575615628915e-18, 12.079046789171736, 5.736778822961102e-22, 25465.83594659328, 0.5, 162187.33989456375, -1.7117957236742617e-17, 22.912849502480377, 26297.547739393027
130, 0.050751577, 26297.547739393027, 0, nan, 2.7755575615628915e-18, 12.079046789171736, 5.736778822961102e-22, 67992.75909288229, 0.5, 162187.33989456372, -1.7117957236742623e-17, 22.912849502480377, 26297.547739393027
131, 0.053960785, 26297.547739393027, 0, nan, 2.7755575615628915e-18, 12.079046789171736, 5.736778822961102e-22, 748758.2904352566, 0.5, 162187.33989456372, -1.7117957236742617e-17, 22.912849502480377, 26297.547739393027
132, 0.056399527, 26297.547739393027, 0, nan, 2.7755575615628915e-18, 12.079046789171736, 5.736778822961102e-22, 161076.65760566958, 0.5, 162187.33989456375, -1.7117957236742617e-17, 22.912849502480377, 26297.547739393027
133, 0.05374603, 26297.547739393027, 0, nan, 2.7755575615628915e-18, 12.079046789171736, 5.736778822961102e-22, 49473.56477465838, 0.5, 162187.33989456375, -1.7117957236742617e-17, 22.912849502480377, 26297.547739393027
134, 0.053781177, 26297.547739393027, 0, nan, 2.7755575615628915e-18, 12.079046789171736, 5.736778822961102e-22, 159777.21752368388, 0.5, 162187.33989456375, -1.7117957236742617e-17, 22.912849502480377, 26297.547739393027
135, 0.050903801, 26297.547739393027, 0, nan, 2.7755575615628915e-18, 12.079046789171736, 5.736778822961102e-22, 147515.03760816503, 0.5, 162187.33989456375, -1.7117957236742617e-17, 22.912849502480377, 26297.547739393027
136, 0.054459013, 26297.547739393027, 0, nan, 2.7755575615628915e-18, 12.079046789171736, 5.736778822961102e-22, 1055887.1312861675, 0.5, 162187.33989456375, -1.7117957236742617e-17, 22.912849502480377, 26297.547739393027
137, 0.050838277, 26297.547739393027, 0, nan, 2.7755575615628915e-18, 12.079046789171736, 5.736778822961102e-22, 669659.8638981062, 0.5, 162187.33989456375, -1.7117957236742617e-17, 22.912849502480377, 26297.547739393027
138, 0.055114339, 26297.547739393027, 0, nan, 2.7755575615628915e-18, 12.079046789171736, 5.736778822961102e-22, 62691.28757183253, 0.5, 162187.33989456372, -1.7117957236742617e-17, 22.912849502480377, 26297.547739393027
139, 0.057670561, 26297.547739393027, 0, nan, 2.7755575615628915e-18, 12.079046789171736, 5.736778822961102e-22, 24569.116591683523, 0.5, 162187.33989456372, -1.7117957236742623e-17, 22.912849502480377, 26297.547739393027
140, 0.055589593, 26297.547739393027, 0, nan, 2.7755575615628915e-18, 12.079046789171736, 5.736778822961102e-22, 27799.828955630706, 0.5, 162187.33989456375, -1.7117957236742617e-17, 22.912849502480377, 26297.547739393027
141, 0.05190524, 26297.547739393027, 0, nan, 2.7755575615628915e-18, 12.079046789171736, 5.736778822961102e-22, 61588.462153363515, 0.5, 162187.33989456375, -1.7117957236742617e-17, 22.912849502480377, 26297.547739393027
142, 0.0497377, 26297.547739393027, 0, nan, 2.7755575615628915e-18, 12.079046789171736, 5.736778822961102e-22, 54340.35272768594, 0.5, 162187.33989456375, -1.7117957236742617e-17, 22.912849502480377, 26297.547739393027
143, 0.052243596, 26297.547739393027, 0, nan, 2.7755575615628915e-18, 12.079046789171736, 5.736778822961102e-22, 85039.99934341114, 0.5, 162187.33989456372, -1.7117957236742617e-17, 22.912849502480377, 26297.547739393027
144, 0.054999959, 26297.547739393027, 0, nan, 2.7755575615628915e-18, 12.079046789171736, 5.736778822961102e-22, 16795.65651688102, 0.5, 162187.33989456375, -1.7117957236742617e-17, 22.912849502480377, 26297.547739393027
145, 0.052349476, 26297.547739393027, 0, nan, 2.7755575615628915e-18, 12.079046789171736, 5.736778822961102e-22, 490437.1368127085, 0.5, 162187.33989456372, -1.7117957236742617e-17, 22.912849502480377, 26297.547739393027
146, 0.051644012, 26297.547739393027, 0, nan, 2.7755575615628915e-18, 12.079046789171736, 5.736778822961102e-22, 164933.87610336207, 0.5, 162187.33989456375, -1.7117957236742617e-17, 22.912849502480377, 26297.547739393027
147, 0.056570777, 26297.547739393027, 0, nan, 2.7755575615628915e-18, 12.079046789171736, 5.736778822961102e-22, 20404.742373768426, 0.5, 162187.33989456375, -1.7117957236742617e-17, 22.912849502480377, 26297.547739393027
148, 0.057149519, 26297.547739393027, 0, nan, 2.7755575615628915e-18, 12.079046789171736, 5.736778822961102e-22, 23854.052145812584, 0.5, 162187.33989456375, -1.7117957236742617e-17, 22.912849502480377, 26297.547739393027
149, 0.0525536, 26297.547739393027, 0, nan, 2.7755575615628915e-18, 12.079046789171736, 5.736778822961102e-22, 37213.419202280515, 0.5, 162187.33989456375, -1.7117957236742617e-17, 22.912849502480377, 26297.547739393027
150, 0.057159532, 26297.547739393027, 0, nan, 2.7755575615628915e-18, 12.079046789171736, 5.736778822961102e-22, 84977.92704354008, 0.5, 162187.33989456375, -1.7117957236742617e-17, 22.912849502480377, 26297.547739393027
151, 0.053387306, 26297.547739393027, 0, nan, 2.7755575615628915e-18, 12.079046789171736, 5.736778822961102e-22, 26223.63740134399, 0.5, 162187.33989456375, -1.7117957236742617e-17, 22.912849502480377, 26297.547739393027
152, 0.057067151, 26297.547739393027, 0, nan, 2.7755575615628915e-18, 12.079046789171736, 5.736778822961102e-22, 77062.67389055643, 0.5, 162187.33989456375, -1.7117957236742617e-17, 22.912849502480377, 26297.547739393027
153, 0.060278523, 26297.547739393027, 0, nan, 2.7755575615628915e-18, 12.079046789171736, 5.736778822961102e-22, 32618.091176347614, 0.5, 162187.33989456375, -1.7117957236742617e-17, 22.912849502480377, 26297.547739393027
154, 0.059121882, 26297.547739393027, 0, nan, 2.7755575615628915e-18, 12.079046789171736, 5.736778822961102e-22, 26510.075836836306, 0.5, 162187.33989456375, -1.7117957236742617e-17, 22.912849502480377, 26297.547739393027
155, 0.054872868, 26297.547739393027, 0, nan, 2.7755575615628915e-18, 12.079046789171736, 5.736778822961102e-22, 17975.812592891503, 0.5, 162187.33989456375, -1.7117957236742617e-17, 22.912849502480377, 26297.547739393027
156, 0.052183116, 26297.547739393027, 0, nan, 2.7755575615628915e-18, 12.079046789171736, 5.736778822961102e-22, 46341.35693293127, 0.5, 162187.33989456375, -1.7117957236742617e-17, 22.912849502480377, 26297.547739393027
157, 0.058057073, 26297.547739393027, 0, nan, 2.7755575615628915e-18, 12.079046789171736, 5.736778822961102e-22, 402681.36650294834, 0.5, 162187.33989456375, -1.7117957236742617e-17, 22.912849502480377, 26297.547739393027
158, 0.056694907, 26297.547739393027, 0, nan, 2.7755575615628915e-18, 12.079046789171736, 5.736778822961102e-22, 36223.217331702115, 0.5, 162187.33989456375, -1.7117957236742617e-17, 22.912849502480377, 26297.547739393027
159, 0.053546768, 26297.547739393027, 0, nan, 2.7755575615628915e-18, 12.079046789171736, 5.736778822961102e-22, 104627.92899414447, 0.5, 162187.33989456372, -1.7117957236742617e-17, 22.912849502480377, 26297.547739393027
160, 0.051613913, 26297.547739393027, 0, nan, 2.7755575615628915e-18, 12.079046789171736, 5.736778822961102e-22, 26680.387376085844, 0.5, 162187.33989456375, -1.7117957236742617e-17, 22.912849502480377, 26297.547739393027
161, 0.054242492, 26297.547739393027, 0, nan, 2.7755575615628915e-18, 12.079046789171736, 5.736778822961102e-22, 29894.07555289253, 0.5, 162187.33989456375, -1.7117957236742617e-17, 22.912849502480377, 26297.547739393027
162, 0.052736808, 26297.547739393027, 0, nan, 2.7755575615628915e-18, 12.079046789171736, 5.736778822961102e-22, 316606.5754395024, 0.5, 162187.33989456372, -1.7117957236742617e-17, 22.912849502480377, 26297.547739393027
163, 0.054617543, 26297.547739393027, 0, nan, 2.7755575615628915e-18, 12.079046789171736, 5.736778822961102e-22, 148838.26902651502, 0.5, 162187.33989456372, -1.7117957236742617e-17, 22.912849502480377, 26297.547739393027
164, 0.05201227, 26297.547739393027, 0, nan, 2.7755575615628915e-18, 12.079046789171736, 5.736778822961102e-22, 26021.2810675543, 0.5, 162187.33989456375, -1.7117957236742617e-17, 22.912849502480377, 26297.547739393027
165, 0.051768915, 26297.547739393027, 0, nan, 2.7755575615628915e-18, 12.079046789171736, 5.736778822961101e-22, 40962.78434309971, 0.5, 162187.33989456375, -1.7117957236742614e-17, 22.912849502480377, 26297.547739393027
166, 0.055685634, 26297.547739393027, 0, nan, 2.7755575615628915e-18, 12.079046789171736, 5.736778822961102e-22, 298724.83566753136, 0.5, 162187.33989456375, -1.7117957236742617e-17, 22.912849502480377, 26297.547739393027
167, 0.052867308, 26297.547739393027, 0, nan, 2.7755575615628915e-18, 12.079046789171736, 5.736778822961102e-22, 303521.95447962487, 0.5, 162187.33989456375, -1.711795723674262e-17, 22.912849502480377, 26297.547739393027
168, 0.051315646, 26297.547739393027, 0, nan, 2.7755575615628915e-18, 12.079046789171736, 5.736778822961102e-22, 83678.6111249333, 0.5, 162187.33989456375, -1.7117957236742617e-17, 22.912849502480377, 26297.547739393027
169, 0.052796955, 26297.547739393027, 0, nan, 2.7755575615628915e-18, 12.079046789171736, 5.736778822961102e-22, 315104.114827046, 0.5, 162187.33989456375, -1.7117957236742617e-17, 22.912849502480377, 26297.547739393027
170, 0.052904743, 26297.547739393027, 0, nan, 2.7755575615628915e-18, 12.079046789171736, 5.736778822961102e-22, 136515.99186842993, 0.5, 162187.33989456375, -1.7117957236742617e-17, 22.912849502480377, 26297.547739393027
171, 0.052594987, 26297.547739393027, 0, nan, 2.7755575615628915e-18, 12.079046789171736, 5.736778822961102e-22, 68140.82078697263, 0.5, 162187.33989456375, -1.7117957236742617e-17, 22.912849502480377, 26297.547739393027
172, 0.054122326, 26297.547739393027, 0, nan, 2.7755575615628915e-18, 12.079046789171736, 5.736778822961102e-22, 55027.29276559851, 0.5, 162187.33989456375, -1.7117957236742617e-17, 22.912849502480377, 26297.547739393027
173, 0.052156265, 26297.547739393027, 0, nan, 2.7755575615628915e-18, 12.079046789171736, 5.736778822961102e-22, 22036.103713113313, 0.5, 162187.33989456375, -1.7117957236742617e-17, 22.912849502480377, 26297.547739393027
174, 0.053831384, 26297.547739393027, 0, nan, 2.7755575615628915e-18, 12.079046789171736, 5.736778822961102e-22, 103622.97338389815, 0.5, 162187.33989456375, -1.7117957236742617e-17, 22.912849502480377, 26297.547739393027
175, 0.053788951, 26297.547739393027, 0, nan, 2.7755575615628915e-18, 12.079046789171736, 5.736778822961102e-22, 164364.71912282065, 0.5, 162187.33989456372, -1.7117957236742617e-17, 22.912849502480377, 26297.547739393027
176, 0.051384085, 26297.547739393027, 0, nan, 2.7755575615628915e-18, 12.079046789171736, 5.736778822961102e-22, 38217.74422840797, 0.5, 162187.33989456375, -1.711795723674262e-17, 22.912849502480377, 26297.547739393027
177, 0.053787471, 26297.547739393027, 0, nan, 2.7755575615628915e-18, 12.079046789171736, 5.736778822961102e-22, 31167.855878114136, 0.5, 162187.33989456375, -1.7117957236742617e-17, 22.912849502480377, 26297.547739393027
178, 0.057044906, 26297.547739393027, 0, nan, 2.7755575615628915e-18, 12.079046789171736, 5.736778822961102e-22, 326877.6181937675, 0.5, 162187.33989456375, -1.7117957236742617e-17, 22.912849502480377, 26297.547739393027
179, 0.056397099, 26297.547739393027, 0, nan, 2.7755575615628915e-18, 12.079046789171736, 5.736778822961102e-22, 57666.29614128901, 0.5, 162187.33989456375, -1.7117957236742617e-17, 22.912849502480377, 26297.547739393027
180, 0.054724895, 26297.547739393027, 0, nan, 2.7755575615628915e-18, 12.079046789171736, 5.736778822961102e-22, 44480.645556268195, 0.5, 162187.33989456375, -1.7117957236742617e-17, 22.912849502480377, 26297.547739393027
181, 0.055721129, 26297.547739393027, 0, nan, 2.7755575615628915e-18, 12.079046789171736, 5.736778822961102e-22, 209641.63129660365, 0.5, 162187.33989456375, -1.7117957236742617e-17, 22.912849502480377, 26297.547739393027
182, 0.052960697, 26297.547739393027, 0, nan, 2.7755575615628915e-18, 12.079046789171736, 5.736778822961102e-22, 115174.07553627268, 0.5, 162187.33989456375, -1.7117957236742617e-17, 22.912849502480377, 26297.547739393027
183, 0.055188191, 26297.547739393027, 0, nan, 2.7755575615628915e-18, 12.079046789171736, 5.736778822961102e-22, 56618.16562421884, 0.5, 162187.33989456375, -1.7117957236742617e-17, 22.912849502480377, 26297.547739393027
184, 0.056341979, 26297.547739393027, 0, nan, 2.7755575615628915e-18, 12.079046789171736, 5.736778822961102e-22, 112472.2796373254, 0.5, 162187.33989456375, -1.7117957236742617e-17, 22.912849502480377, 26297.547739393027
185, 0.053977191, 26297.547739393027, 0, nan, 2.7755575615628915e-18, 12.079046789171736, 5.736778822961102e-22, 326121.30207353615, 0.5, 162187.33989456375, -1.7117957236742617e-17, 22.912849502480377, 26297.547739393027
186, 0.055554286, 26297.547739393027, 0, nan, 2.7755575615628915e-18, 12.079046789171736, 5.736778822961102e-22, 25306.235834782816, 0.5, 162187.33989456372, -1.7117957236742617e-17, 22.912849502480377, 26297.547739393027
187, 0.053837977, 26297.547739393027, 0, nan, 2.7755575615628915e-18, 12.079046789171736, 5.736778822961102e-22, 70580.19473808774, 0.5, 162187.33989456375, -1.7117957236742617e-17, 22.912849502480377, 26297.547739393027
188, 0.057503767, 26297.547739393027, 0, nan, 2.7755575615628915e-18, 12.079046789171736, 5.736778822961102e-22, 52293366.12538449, 0.5, 162187.33989456375, -1.7117957236742617e-17, 22.912849502480377, 26297.547739393027
189, 0.052877865, 26297.547739393027, 0, nan, 2.7755575615628915e-18, 12.079046789171736, 5.736778822961102e-22, 48833.01582554555, 0.5, 162187.33989456375, -1.7117957236742617e-17, 22.912849502480377, 26297.547739393027
190, 0.057158137, 26297.547739393027, 0, nan, 2.7755575615628915e-18, 12.079046789171736, 5.736778822961102e-22, 389065.23145530815, 0.5, 162187.33989456375, -1.7117957236742617e-17, 22.912849502480377, 26297.547739393027
191, 0.054250836, 26297.547739393027, 0, nan, 2.7755575615628915e-18, 12.079046789171736, 5.736778822961102e-22, 297647.0965464737, 0.5, 162187.33989456375, -1.7117957236742617e-17, 22.912849502480377, 26297.547739393027
192, 0.052768917, 26297.547739393027, 0, nan, 2.7755575615628915e-18, 12.079046789171736, 5.736778822961102e-22, 32216.14040079335, 0.5, 162187.33989456375, -1.7117957236742617e-17, 22.912849502480377, 26297.547739393027
193, 0.052589492, 26297.547739393027, 0, nan, 2.7755575615628915e-18, 12.079046789171736, 5.736778822961102e-22, 33106.92055856239, 0.5, 162187.33989456375, -1.7117957236742617e-17, 22.912849502480377, 26297.547739393027
194, 0.054528246, 26297.547739393027, 0, nan, 2.7755575615628915e-18, 12.079046789171736, 5.736778822961102e-22, 61198.242377845796, 0.5, 162187.33989456375, -1.7117957236742617e-17, 22.912849502480377, 26297.547739393027
195, 0.05549516, 26297.547739393027, 0, nan, 2.7755575615628915e-18, 12.079046789171736, 5.736778822961102e-22, 27504.409993626206, 0.5, 162187.33989456375, -1.7117957236742617e-17, 22.912849502480377, 26297.547739393027
196, 0.055365508, 26297.547739393027, 0, nan, 2.7755575615628915e-18, 12.079046789171736, 5.736778822961101e-22, 72536.91225567274, 0.5, 162187.33989456375, -1.711795723674261e-17, 22.912849502480377, 26297.547739393027
197, 0.051958727, 26297.547739393027, 0, nan, 2.7755575615628915e-18, 12.079046789171736, 5.736778822961101e-22, 57786.922627776614, 0.5, 162187.33989456375, -1.7117957236742617e-17, 22.912849502480377, 26297.547739393027
198, 0.057961385, 26297.547739393027, 0, nan, 2.7755575615628915e-18, 12.079046789171736, 5.736778822961102e-22, 39440.93257256865, 0.5, 162187.33989456375, -1.7117957236742617e-17, 22.912849502480377, 26297.547739393027
199, 0.052405375, 26297.547739393027, 0, nan, 2.7755575615628915e-18, 12.079046789171736, 5.736778822961102e-22, 117610.76366655032, 0.5, 162187.33989456375, -1.7117957236742617e-17, 22.912849502480377, 26297.547739393027
